{
  "method": "ILP (PuLP + CBC)",
  "status": "Optimal",
  "cost": 49051.0,
  "n_selected": 22,
  "selected": [
    18,
    43,
    44,
    79,
    127,
    174,
    199,
    260,
    276,
    353,
    356,
    365,
    400,
    403,
    410,
    420,
    435,
    443,
    466,
    472,
    492,
    496
  ],
  "time_s": 1200.2244262695312,
  "time_limit": 1200,
  "z_lp": 27859.92657877791,
  "gap_integrality": 0.4320212313963444,
  "warm_start_cost": 49051.0
}