{
  "method": "ILP (PuLP + CBC)",
  "status": "Optimal",
  "cost": 50123.0,
  "n_selected": 22,
  "selected": [
    13,
    19,
    28,
    43,
    44,
    93,
    174,
    182,
    205,
    271,
    276,
    306,
    333,
    353,
    400,
    403,
    431,
    435,
    437,
    443,
    466,
    474
  ],
  "time_s": 600.9457840919495,
  "time_limit": 600,
  "z_lp": 27859.92657877791,
  "gap_integrality": 0.4441688131441073
}